{"cameraMode":{"drawMode":0,"name":"Shaded","section":"Shading Mode"},"sceneLighting":true,"audioPlay":false,"sceneViewState":{"m_AlwaysRefresh":false,"showFog":true,"showSkybox":true,"showFlares":true,"showImageEffects":true,"showParticleSystems":true,"showVisualEffectGraphs":true,"m_FxEnabled":true},"in2DMode":false,"pivot":{"x":0.032507896423339847,"y":-0.051642417907714847,"z":0.0039081573486328129},"rotation":{"x":-0.0879291445016861,"y":0.899418294429779,"z":-0.21289771795272828,"w":-0.3714698851108551},"size":7.421017646789551,"orthographic":false}